initial_cash,final_value,total_return,return_pct,sharpe_ratio,max_drawdown,total_trades
10000.0,9395.106990000007,-604.8930099999925,-6.048930099999925,,9.204093836906758,23
