,rsi,macd,momentum,volatility
rsi,1.0,0.48750080957904834,0.7547127518625351,0.05891005252303773
macd,0.48750080957904834,1.0,0.804898661358328,-0.09491845051741027
momentum,0.7547127518625351,0.804898661358328,1.0,-0.04635072413413817
volatility,0.05891005252303773,-0.09491845051741027,-0.04635072413413817,1.0
